<?xml version="1.0" encoding="UTF-8"?>
<project-private xmlns="http://www.netbeans.org/ns/project-private/1">
    <editor-bookmarks xmlns="http://www.netbeans.org/ns/editor-bookmarks/2" lastBookmarkId="0"/>
    <open-files xmlns="http://www.netbeans.org/ns/projectui-open-files/2">
        <group>
            <file>file:/home/dama/GitHub/InterfacesCedric/interfaces_01/src/interfaces_01/model/utils/Transaction.java</file>
            <file>file:/home/dama/GitHub/InterfacesCedric/interfaces_01/src/interfaces_01/model/utils/FileManager.java</file>
        </group>
    </open-files>
</project-private>
