<?xml version="1.0" encoding="UTF-8"?>
<project-private xmlns="http://www.netbeans.org/ns/project-private/1">
    <editor-bookmarks xmlns="http://www.netbeans.org/ns/editor-bookmarks/2" lastBookmarkId="0"/>
    <open-files xmlns="http://www.netbeans.org/ns/projectui-open-files/2">
        <group>
            <file>file:/home/cedric/Escritorio/GitHub/InterfacesCedric/AEUT1_04_Gestion_Tareas/src/es/iespuertodelacruz/cc/modelo/FileManager.java</file>
            <file>file:/home/cedric/Escritorio/GitHub/InterfacesCedric/AEUT1_04_Gestion_Tareas/src/es/iespuertodelacruz/cc/modelo/Tarea.java</file>
            <file>file:/home/cedric/Escritorio/GitHub/InterfacesCedric/AEUT1_04_Gestion_Tareas/src/es/iespuertodelacruz/cc/controlador/MainEventController.java</file>
            <file>file:/home/cedric/Escritorio/GitHub/InterfacesCedric/AEUT1_04_Gestion_Tareas/src/es/iespuertodelacruz/cc/controlador/MostrarEventController.java</file>
            <file>file:/home/cedric/Escritorio/GitHub/InterfacesCedric/AEUT1_04_Gestion_Tareas/src/es/iespuertodelacruz/cc/vista/MostrarTarea.java</file>
            <file>file:/home/cedric/Escritorio/GitHub/InterfacesCedric/AEUT1_04_Gestion_Tareas/src/es/iespuertodelacruz/cc/vista/VentanaPrincipal.java</file>
            <file>file:/home/cedric/Escritorio/GitHub/InterfacesCedric/AEUT1_04_Gestion_Tareas/src/es/iespuertodelacruz/cc/gestiontareas/GestionTareas.java</file>
            <file>file:/home/cedric/Escritorio/GitHub/InterfacesCedric/AEUT1_04_Gestion_Tareas/src/es/iespuertodelacruz/cc/modelo/Gestor.java</file>
            <file>file:/home/cedric/Escritorio/GitHub/InterfacesCedric/AEUT1_04_Gestion_Tareas/src/es/iespuertodelacruz/cc/modelo/Materia.java</file>
        </group>
    </open-files>
</project-private>
