<?xml version="1.0" encoding="UTF-8"?>
<project-private xmlns="http://www.netbeans.org/ns/project-private/1">
    <editor-bookmarks xmlns="http://www.netbeans.org/ns/editor-bookmarks/2" lastBookmarkId="0"/>
    <open-files xmlns="http://www.netbeans.org/ns/projectui-open-files/2">
        <group>
            <file>file:/home/dama/GitHub/InterfacesCedric/AUT1_03_Gestion_Tareas/src/es/iespuertodelacruz/cc/vistacontrolador/VentanaPrincipal.java</file>
            <file>file:/home/dama/GitHub/InterfacesCedric/AUT1_03_Gestion_Tareas/src/es/iespuertodelacruz/cc/modelo/FileManager.java</file>
            <file>file:/home/dama/GitHub/InterfacesCedric/AUT1_03_Gestion_Tareas/src/es/iespuertodelacruz/cc/modelo/Gestor.java</file>
            <file>file:/home/dama/GitHub/InterfacesCedric/AUT1_03_Gestion_Tareas/src/es/iespuertodelacruz/cc/modelo/Tarea.java</file>
        </group>
    </open-files>
</project-private>
