<?xml version="1.0" encoding="UTF-8"?>
<project-private xmlns="http://www.netbeans.org/ns/project-private/1">
    <editor-bookmarks xmlns="http://www.netbeans.org/ns/editor-bookmarks/2" lastBookmarkId="0"/>
    <open-files xmlns="http://www.netbeans.org/ns/projectui-open-files/2">
        <group>
            <file>file:/home/dama/GitHub/InterfacesCedric/PGV_Tarea7Cedric/src/pgv_tarea7cedric/CryptoUtils.java</file>
            <file>file:/home/dama/GitHub/InterfacesCedric/PGV_Tarea7Cedric/src/pgv_tarea7cedric/PGV_Tarea7Cedric.java</file>
            <file>file:/home/dama/GitHub/InterfacesCedric/PGV_Tarea7Cedric/src/pgv_tarea7cedric/FileManager.java</file>
        </group>
    </open-files>
</project-private>
